face_extraction_time,voice_extraction_time,total_time
2.942172050476074,5.574467897415161,8.669593095779419
2.0573959350585938,3.4238457679748535,5.618960380554199
0.655095100402832,0.03259849548339844,0.7474484443664551
1.0969984531402588,0.0459744930267334,1.2267098426818848
0.6696536540985107,0.02780890464782715,0.7698025703430176
2.225931167602539,3.035292148590088,5.410746812820435
1.6567034721374512,0.0998528003692627,1.911498785018921
